RFID26094F44,14/05/2024,12:00:10
RFID26094F44,14/05/2024,12:00:41
RFID26094F44,14/05/2024,12:00:52
RFIDBD2D5359,14/05/2024,12:00:56
RFID26094F44,14/05/2024,12:04:13
RFIDBD2D5359,14/05/2024,12:04:16
RFIDBD2D5359,14/05/2024,12:06:41
RFID26094F44,14/05/2024,12:07:58
RFIDBD2D5359,14/05/2024,12:08:08
RFIDBD2D5359,14/05/2024,12:08:21
RFID26094F44,14/05/2024,12:08:29
RFID26094F44,14/05/2024,12:09:33
RFIDBD2D5359,14/05/2024,12:09:43
RFIDBD2D5359,14/05/2024,12:09:51
RFIDBD2D5359,14/05/2024,12:09:58
RFIDBD2D5359,14/05/2024,12:10:03
RFIDBD2D5359,14/05/2024,12:10:13
RFIDBD2D5359,14/05/2024,12:10:34
RFID26094F44,14/05/2024,12:10:40
RFID26094F44,14/05/2024,12:14:24
RFIDBD2D5359,14/05/2024,12:14:28
